case,search,name,ray,z,verdict,ray_offset_windings,red_vs_human,other_vs_human,figure
00,DR6,col115,3136,12862,probable,,"[-2.0, -2.0]","[0.0, -1.0]",case00_col115_ray3136_z12862.png
01,DR6,col172,186900,8879,CONFIRMED,,"[-1.0, -1.0]","[0.0, 0.0, 0.0]",case01_col172_ray186900_z8879.png
02,DR6,wraps2,134617,16920,CONFIRMED,,"[4.0, 6.0, 8.0, 10.0, 12.0, 14.0, 16.0, 18.0]","[0.0, 0.0, 0.0, 0.0, 0.0, 0.0, 0.0, 0.0, 0.0, 0.0, 0.0, 0.0]",case02_wraps2_ray134617_z16920.png
03,DR6,col22,391270,15080,CONFIRMED,,"[-1.0, -1.0, -1.0]","[0.0, 0.0, 0.0, 0.0]",case03_col22_ray391270_z15080.png
04,DR6,col262,194672,11825,ambiguous,,"[1.0, 1.0, 2.0]","[-1.0, 0.0, 1.0, 1.0, 1.0, 1.0, 2.0]",case04_col262_ray194672_z11825.png
05,DR6,col262,169422,11825,ambiguous,,"[1.0, 1.0, 2.0, 3.0, 3.0]","[1.0, 1.0, 2.0, 2.0, 0.0, 1.0, 1.0, 1.0]",case05_col262_ray169422_z11825.png
06,DR6,col270,223229,12529,probable,,[-1.0],"[0.0, 1.0]",case06_col270_ray223229_z12529.png
07,DR6,col58,187628,9185,CONFIRMED,,[-1.0],"[0.0, 0.0, 0.0]",case07_col58_ray187628_z9185.png
08,DR6,col63,272472,9407,CONFIRMED,,"[1.0, 1.0]","[0.0, 0.0, 0.0]",case08_col63_ray272472_z9407.png
09,DR6,col88,734549,8750,ambiguous,,[1.0],"[0.0, 0.0]",case09_col88_ray734549_z8750.png
10,DR8,col147,7036,8980,CONFIRMED,-1,"[-1.0, -1.0, -1.0, -1.0, -1.0, -1.0]","[0.0, 0.0, 0.0, 0.0, 0.0, 0.0]",case10_col147_ray7036_z8980.png
11,DR8,col22,356196,15092,CONFIRMED,-1,"[-1.0, -1.0, -1.0]",[0.0],case11_col22_ray356196_z15092.png
12,DR8,col289,8031,10195,CONFIRMED,-2,[-1.0],"[0.0, 0.0]",case12_col289_ray8031_z10195.png
13,DR8,col68,474925,7674,CONFIRMED,2,[1.0],"[0.0, 0.0, 0.0]",case13_col68_ray474925_z7674.png
14,DR8,col70,214071,9185,CONFIRMED,-1,"[-1.0, -1.0]","[0.0, 0.0, 0.0, 0.0]",case14_col70_ray214071_z9185.png
15,DR8,col147,7035,8980,ambiguous,-1,[],"[0.0, 0.0, 0.0, 0.0]",
16,DR8,col17,222527,12260,probable,1,[1.0],"[1.0, 0.0, 0.0]",
17,DR8,col63,214660,9403,probable,-1,"[-1.0, -1.0, -1.0, -1.0, -1.0]","[-1.0, -1.0, -1.0, -1.0, -1.0, 0.0, 0.0, 0.0, 0.0, 0.0, 0.0, -1.0, 0.0]",
18,DR8,col126,144441,11228,CONFIRMED,-1,"[-1.0, -1.0, -1.0, -1.0]","[0.0, 0.0, 0.0, 0.0, 0.0]",case18_col126_ray144441_z11228.png
19,DR8,col173,992370,8879,ambiguous,1,"[1.0, 0.0, 0.0, 1.0]","[0.0, 0.0, 0.0]",
20,DR8,col160,569943,10728,probable,1,"[1.0, 1.0]",[],
21,DR8,col67,606378,9341,ambiguous,1,[],[],
22,DR8,col67,482054,9357,CONFIRMED,1,[1.0],"[0.0, 0.0]",case22_col67_ray482054_z9357.png
23,DR8,col67,737710,9376,CONFIRMED,2,[1.0],[0.0],case23_col67_ray737710_z9376.png
24,DR8,col166,1913,10728,probable,-2,"[-2.0, -2.0, -2.0, -2.0, -2.0, -2.0]","[0.0, 1.0]",
25,DR8,col221,220251,11412,probable,-1,[-1.0],"[0.0, -1.0, 0.0]",
26,DR8,col118,283321,12855,probable,1,[1.0],[],
27,DR8,col43,68143,11714,CONFIRMED,-1,[-1.0],"[0.0, 0.0]",case27_col43_ray68143_z11714.png
28,DR8,col60,214296,9282,ambiguous,-1,[],[0.0],
29,DR8,col89,440658,8750,CONFIRMED,-1,"[-1.0, -1.0]","[0.0, 0.0]",case29_col89_ray440658_z8750.png
30,DR8,col89,479685,8750,ambiguous,-1,[],[0.0],
